b . 这 几 个 人 一 坐 到 一 块 儿 就 谈 吃 谈 穿 , 真 是 百 无聊 赖	xc w r m-B m-I n v-B v-I v m-B m-I m-I d v vn v vn w v-B v-I v-B v-I v-I
不 嫩 不 老 是 什么 样 的	d a a-B a-I v n-B n-I u
那么 曾国藩 为什么 这样 对待 李鸿章 呢	c nr r r v nr xc
鲜血 未 干 的 卢旺达 , 已经 重 归 宁静 的 生活	n v-B v-I u ns w d v-B v-I a u n
因为 这些 故事 不仅 新鲜 , 而且 真实	c r n c a w c a
早点 回来 参加 早 午餐 , 好 吗 ?	d v v nz-B nz-I w a xc w
生活 中 , 他们 是 让 人 倾慕 的 侠客 , 从容 自得 , 豪情 万丈	n f w r v v n v u n w a a w n m
但是 虽然 如此 , 他 的 病 仍 是 一天 加重 一天	c c r w r u n v-B v-I m v m
袁科 在 袁 志 帮助 下 买 了 火药 , 订制 了 装 爆炸 物 的 木盒	nr p nr-B nr-I vn f v u n w v u v n-B n-I u n
那 我 就 不 知道 怎么 才能 到 外婆 家 了	r r d v-B v-I r v v n-B n-I xc
实际 上 他 虽然 有 着 男人 的 器官 , 确 没 有 男人 的 功能	d-B d-I r c v-B v-I n u n w d n-B n-I n-I u n
是 " 慈悲 " , " 智慧 " 与 " 和平 " 的 精神 象征	v w an w w w n w c w n w u n n
它 的 硝酸 盐 含量 较 其他 培养 基 为 高 , 广泛 地 用于 植物 的 器官 , 花药 , 细胞 和 原生质 体 培养 , 效果 良好	r u nz-B nz-I n d r nz-B nz-I v an w a u v n u n w n w n c vn-B vn-I vn-I w n a
分类 方 示 可以 按 年龄 断 , 按 主题 内容 或 其它 你 认为 方便 的 方法	v d v v p n v w p n n c r r v a u n
全 班 齐 练 , 教师 巡视 , 做完 后 集体 订正	n-B n-I d v w n v w v f n v
他 勉强 爬 起来 , 躲 到 一 棵 树 下 .	r ad v-B v-I w v v n-B n-I n-I f w
讨厌 他 那 双 漆黑 如 子夜 清澈 如 泉水 的 眼眸 , 昭示 了 众人 的 丑陋 与 罪恶 .	v r r-B r-I a v n a v n u n w v u n u an c n w
作者 具有 深邃 的 洞察 力 , 强烈 的 社会 责任 感	n v a u n-B n-I w a u n n-B n-I
看看 胶南 的 大街 , 还有 写字 楼	v ns u n w c n-B n-I
成都 神钢 挖掘 机 掀开 外资 进军 中国 挖掘 机 市场 的 序幕	ns nz n-B n-I v n v ns n-B n-I n u n
书 里面 交代 非常 清楚 , 父亲 叫 李守中 , 什么 样 的 家庭 背景 呢	n f v d a w n v nr w n-B n-I u n-B n-I xc
两年 过去 了 , 我 对 小令 的 爱 还是 无法 释怀	m v xc w r p nr u vn d vd v
企业 成立 于 1985 年 , 是 一 家 制造 , 设计 各类 大 中型 铝 , 锌 , 镁 结构 复杂 精度 高 的 压铸 模具 专业 生产 工厂	n v p t-B t-I w v m-B m-I v w v r a-B a-I n w n w n n a a-B a-I u nz-B nz-I a vn n
像 是 约 好 了 一 样 , 第 24 代 张 天师 张 正 随 , 也 恰好 是 活 满 了 87 岁	v v v a u a-B a-I w m-B m-I m-I nr-B nr-I nr-B nr-I nr-I w d d v v a u m-B m-I
从前 , 他 没 给 她 的 感情 半点 儿 机会 , 却 只是 对 她 很好	t w r v v r u n m-B m-I n w d d p r a
5 个 民族 乡 俄 亚 纳西 族 乡 , 屋 脚 蒙古 族 乡 , 白 碉 苗族 乡 , 项 脚 蒙古 族 乡 , 固 增 苗族 乡	m-B m-I n-B n-I ns-B ns-I ns-I ns-I ns-I w ns-B ns-I ns-I ns-I ns-I w ns-B ns-I ns-I ns-I w ns-B ns-I ns-I ns-I ns-I w ns-B ns-I ns-I ns-I
有 点 担心 成份 会 不 会 对 皮肤 有 害	d-B d-I v n d-B d-I d-I v n a-B a-I
而且 我 也 经常 在 报纸 上 发表 文章	c r d d p n f v n
我们 以 细致 入 微 的 人性 化 服务 和 独具 特色 的 夜场 滑雪 而 广 受 赞誉 .	r p a a-B a-I u vn-B vn-I vn c v n u n vn c ad v-B v-I w
根据 国家 , 省 电子 政务 相关 标准 , 进一步 完善 江门 市 政务 信息 共享 目录 和 数据 交换 规范	p n w n nz-B nz-I vn n w d v ns-B ns-I n n vn n c n vn n
爱 财 君子 才 回 过 神 来 , 赶紧 擦 了 一 把 嘴边 的 口水 , 他 还 没 听说 行 会 里 谁 爆出 过 更 好 的 武器	nr-B nr-I nr-I d v u n v w d v u m-B m-I s u n w r d d v n-B n-I f r v u a-B a-I u n
高 效率 合理 分配 人力 是 很 必要 的 .	n-B n-I ad v n v d a u w
草地 上 无 遮 无 挡 , 哪 怕 是 一 顶 帐篷 都 找 不 到 .	n f v-B v-I v-I v-I w d-B d-I v m-B m-I n d v-B v-I v-I w
一 楼 原本 是 宾馆 的 大堂 , 已经 夷 为 平 地	m n d v n u n w d v-B v-I v-I v-I
事情 见 报 后 , 他 当 即 成 了 美国 乃至 整个 北美 军人 的 传奇 及 骄傲 .	n v-B v-I f w r d-B d-I v u ns c a ns n u n c an w
电气 产品 必须 通过 " 3c " 认证	n n d v w n w vn
以上 就 是 关于 " 江苏 省 南京 市 哪 看 滑膜 炎 好 " 的 相关 介绍 , 希望 对 您 有 所 帮助	f v-B v-I p w ns-B ns-I ns-B ns-I r v n-B n-I a w u vn vn w v p r v-B v-I vn
给 别人 真诚 , 是 给 自己 公道	v r an w v v r n
目前 , 除 我 国 之外 , 还有 一些 国家 征收 营业 税	t w p r n f w v m n v n-B n-I
我 的 目的 很 简单 希望 更多 的 装修 公司 更加 的 诚信	r u n a-B a-I v a u vn n d u a
每个 应用 程序 对其 程式 的 使用 方式 并 不 相同 , 让 我们 先 看看 它们 中 最 常见 的 三 个 吧	r n-B n-I v a u vn n d d a w v r d v r f d a u m-B m-I xc
是 什么 决定 了 我们 一生 的 方向 , 需求 , 使命 , 价值 ?	v r v u r n u n w n w n w n w
旱冰 鞋 是 多大 号 的 啊 亲	n-B n-I v a q u xc n
比如 欺诈 客户 , 骗 了 钱 但是 不 给 客户 做 , 或者 , 假装 安排 人 去 医院 做	v v n w v u n c d p n v w c w v v n v n v
但是 , 希望 以后 , 我 还能 遇见 各位	c w v f w r v v r
无锡 龙 寺 农业 生态 园 中 采摘 水果 要钱 吗	ns ns-B ns-I ns-I ns-I ns-I f v n v xc
该 次 我们 在 香港 拜访 了 6 家 大型 资产 管理 公司 , 其他 5 家 均 为 欧美 资 , 而 其 管理 规模 和 人员 团队 均 不 及 惠理	r q r p ns v u m-B m-I a n vn n w r m-B m-I v-B v-I n-B n-I w c r vn n c n n d v-B v-I nt
多元化 , 综合 性 游戏 社区 一 步步 迈进 , 贴心 的 服务 协作 创新 , 给予 用户 最 极致 的 游戏 体验	vn w n-B n-I n n m-B m-I v w a u vn vn vn w v n d a u n vn
刘备 为什么 选择 了 诸葛 亮 作为 政治 委托 人	nr r v u nr-B nr-I v n n-B n-I
除 农业 为 主 外 , 其余 的 劳力 在 外 打工 , 全 村 人均 收入 不 足 3000 元 .	p n v-B v-I f w r u n p f v w n-B n-I v n v-B v-I m-B m-I w
创业 管理 是 要 想 办法 生 个 婴儿 并且 最 好 还要 健康 一 点 的 , 直至 使 他 能够 自理 自立 , 这样 就 进入 了 创业 后 阶段	vn vn v v v-B v-I v q n c d-B d-I v a m-B m-I u w p v r v v v w r d v u vn f n
qq 寻仙 法宝 怎么 才能 升 到 12 段	nz nz-B nz-I r v v v m-B m-I
一 个 幸福 的 三 口 之 家 就 这样 因为 战争 而 破碎 了	m-B m-I a u m-B m-I u n d-B d-I p n c v xc
资源 一般 包括 人力 , 材料 , 费用 等	n ad v n w n w n u
一天 夜里 , 小明 的 铅笔 盒 里 传 出 了 吵闹 声	m t w nr u n-B n-I f v-B v-I u vn n
最 明显 的 是 一些 暴力 意味 的 动词 的 大量 使用	d a u v m n n u n u a vn
因此 , 可以 说 国 有 建筑 安装 企业 的 制度 缺陷 , 才 是 人才 流失 的 深层 次 原因	c w v-B v-I a-B a-I vn vn n u n n w v-B v-I vn-B vn-I u n-B n-I n
( 4 ) 客户 端 接收 服务 器 所 返回 的 信息 通过 浏览 器 显示 在 用户 的 显示 屏 上 , 然后 客户 机 与 服务 器 断开 连接	w m w n-B n-I v n-B n-I u v u n p n-B n-I v p n u n-B n-I f w c n-B n-I p n-B n-I v vn
她 介绍 , 她 的 外 祖父 , 父亲 和 她 , 三 代 都 和 共产 党 有 密切 的 联系	r v w r u n-B n-I w n c r w m-B m-I d c nt-B nt-I v a u vn
硬件 稍 显 陈旧 , 但 还是 蛮 温馨 的	n d v an w c v d a u
抱怨 缺水 的 声音 到处 弥漫 , 许多 人 愿意 用 一 块 金币 换 一 壶 凉水	v vn u n d v w n-B n-I v p m-B m-I n v m-B m-I n
着装 正 是 表达 出 与 生活 方式 的 高度 相关 .	n v-B v-I v v p n-B n-I u ad vn w
施工 人员 生活 垃圾 定期 运 至 当地 环卫 部门 指定 地点 处理	vn n n n d v p s n n vn n v
实现 廉价 的 无线 显示 输出	v a u a nz-B nz-I
圣诞 节 送 女 朋友 什么 礼物 好 呢	nz-B nz-I v n-B n-I r n a xc
这 是 一 部 叙述 南北 战争 期间 一支 美国 黑人 军队 浴血 奋战 的 历史 影片 .	r v m-B m-I v nz-B nz-I n m ns n n v-B v-I u n n w
其实 就 是 变相 传销 , 去 河南 工作 的 兄弟 一定 要 小心	d v-B v-I vn vn w v ns v u n v-B v-I a
江苏 全日制 自考 本科	ns n vn n
在 中国 , 谁 能 为 孩子 代言 ?	p ns w r v-B v-I n v w
饭后 服 阿司匹林 可 减少 恶心 呕吐 等 胃肠 道 一 败 涂 地 症状 .	t v n v-B v-I n vn u n-B n-I a-B a-I a-I a-I n w
特别 谈到 了 绿化 , 每 平 400 元 投入 , 让 人 很 是 期待	d v u vn w r q m-B m-I v w v n d v v
少年 握 着 一 个 白色 的 板面 , 展示 和 说明	n v u m-B m-I n u n w v c v
经 复核 , 本 年 年末 无形 资产 的 使用 寿命 及 摊销 方法 与 以前 估计 未有 不 同	p vn w n-B n-I t n-B n-I u n-B n-I c vn n p f vn d a-B a-I
凡尔纳 的 小说 有 着 十分 深远 的 影响	nr u n v-B v-I d a u vn
包括 《 世界 报 》 在 内 的 共 10 家 媒体 给 出 了 满分 , 15 家 媒体 给 出 四 颗星	v w nt-B nt-I w v-B v-I u d m-B m-I n v-B v-I u n w m-B m-I n v-B v-I n-B n-I
在 国家 服务 外包 产业 政策 的 大力 支持 下 , 服务 外包 企业 快速 成长	p n vn n n n u ad vn f w vn n n ad v
坚定 不 移 地 推进 产业 转型 升级	a-B a-I a-I u v n vn vn
流浪 者 再次 出现 继续 强暴 她	n-B n-I v-B v-I vd v r
同桌 自主 进入 课件 , 判断 各 幅 图 上 的 小 朋友 的 行为 , 并 说说 判断 原因	n vd v n w v r q n f u n-B n-I u n w c v vn n
目前 , 工业 区 新 一 轮 开发 已 全面 启动	t w n-B n-I n-B n-I n-I vn d ad v
杨怡 饰演 的 宠 妃 万 贞 儿 , 善妒 有 谋略 , 心狠 手辣 .	nr v u n-B n-I nr-B nr-I nr-I w v v n w a-B a-I w
最后 , 希望 我们 大家 继续 关注 感恩 中国 网站 , 从 身边 做起 , 从 小事 做起 , 让 我们 的 社会 , 让 我们 的 生活 更加 美好	f w v r r v v nz-B nz-I n w p s v w v-B v-I v-I w v r u n w v r u vn d a
搜狐 娱乐 : 什么 时候 开始 决定 做 这部 戏 的 ?	nz-B nz-I w r n v v v r n u w
关键 的 是 怎么 处理 发烧 这个 症状	a u v r v vn r n
新春 期间 , 男女 青年 跨 上 骏马 , 带 上 哈达 , 美酒 等 礼物 , 三 五 成群 , 挨个 地 给 亲友 拜年	t f w n n v-B v-I n w v v n w n u n w v-B v-I v-I w d u p n v
可是 , 赛 前 的 种 种 细节 却 透露 出 球队 并 没 有 那么 自信	c w f-B f-I u q q n d v v n v-B v-I v-I r a
目前 , 7 名 犯罪 嫌疑 人 已 被 顺义 警方 依法 刑事 拘留	t w m-B m-I n-B n-I n-I d p ns n vd v-B v-I
教官 说 着 , 就 摆 开 了 架 式	n v-B v-I w d v-B v-I u n-B n-I
因为 提供 的 材料 很多 , 所以 学生 都 自由 地 列出 竖式 进行 计算	p v u n a w c n d a u v n v vn
加强 同 国内 外 史 学 界 , 学术 团体 的 联谊 , 开展 学术 交流 活动 .	v p s-B s-I n-B n-I n-I w n-B n-I u vn w v n vn n w
2001 年 毕业 于 哈尔滨 工业 大学 结构 工程 专业 , 获 硕士 学位 .	t-B t-I v p nt-B nt-I nt-I n n n w v n-B n-I w
我 听 女儿 说 , 我 这 儿 天 晚晚 发 高烧 , 如果 人 退烧 了 , 我 就 得 要 出院 了	r v n v w r r-B r-I n t v-B v-I w c n v xc w r d v v v xc
正 因为 这个 平衡 , 使 中国 的 封建 社会 延续 了 数 千年 .	d p r an w v ns u nz-B nz-I v u m-B m-I w
服务 很 周 到 , 用餐 也 很 适中	vn d a-B a-I w vn d d a
他们 还 准备 带 克莱尔 去 安全 的 地方 , 彼得 一 怒 之 下 单独 离开 了 .	r d v v nr v a u n w nr d-B d-I d-I d-I d v u w
伍兹 还 澄清 了 关于 他 曾经 服用 过 兴奋剂 , 生长 素 等 违禁 药品 的 不 实 传闻	nr d v u p r d v u n w n-B n-I u vn n u d a n
这个 时候 军队 出 动 进行 封锁 , 清扫	r n n v-B v-I v vn w vn
唐 舞桐 是 谁 ?	nr-B nr-I v r w
第 三 , 如果 你 没 有 一 个 快乐 的 计划 , 那么 痛苦 便 会 乘虚而入	m-B m-I w c r v-B v-I m-B m-I a u n w c an d v v
霎时 , 尖叫 , 惊呼 , 哭声 充斥 店 内 , 惊骇 的 女人 们 逃 的 逃 , 跑 不 动 的 就 哭喊	d w vn w vn w n v n f w a u n-B n-I v u v w v-B v-I v-I u d v
那些 食物 里 含 的 纤维 素 多	r n f v u n-B n-I a
生死 间 不 容 发 , 彼此 都 要 顾 到 对方 的 安全	n a-B a-I a-I a-I w r d v v v n u an
共 有 8 间 房间 可 供 客人 选择 , 全部 都 给 人 以 安静 典雅 的 感觉	v-B v-I m-B m-I n v v n v w n d v n p a a u n
此外 , 贾士荣 对 不 同 国家 和 地区 转 基因 产品 的 管理 政策 进行 了 比较	c w nr p a-B a-I n c n vn-B vn-I n u vn n v u vn
我 想 走 过去 , 揽 过 她 的 肩膀 安慰 她 让 她 不 要 哭	r v v v w v-B v-I r u n v r v r v-B v-I v-I
线条 宜 细 至 一 丝 至 半 丝 , 采用 施 针 以 稀 线条 打底 .	n vd a v m-B m-I v m-B m-I w v v n p a n v w
她 是 名门 之后 , 贵府 小姐 , 却 骄傲 的 宣称 自己 是 一 个 自 食 其 力 的 小 市民	r v n-B n-I w n n w d a u v r v m-B m-I vn-B vn-I vn-I vn-I u n-B n-I
恐怖 电影 , 运用 一 系列 表现 手法 , 使 生命 受到 威胁 而 引起 人 内心 恐惧 的 电影	an n w v m n n-B n-I w v n v vn c v n n an u n
因为 照 书 上 所 说 , 有 一颗 钉子 应 扎 在 天灵盖	c p n-B n-I n-B n-I w v m n v v p n
人民 群众 的 创造 力 是 中国 马克思 主义 理论 不 断 创新 的 源泉	n-B n-I u n-B n-I v ns nz-B nz-I n ad-B ad-I v u n
小说 的 市场 表现 也 颇 为 亮丽 , 出版 社 在 发行 数 日 后 即 决定 加 印 .	n u n vn d d-B d-I a w n-B n-I p v t-B t-I t-I d v v-B v-I w
一般 每亩 每次 施 用 硫酸 铵 15 千克 或 尿素 8 千克 .	ad r r v-B v-I n-B n-I m-B m-I c n m-B m-I w
淋病 患者 能 不 能 吃 辣 的 东西	n n v-B v-I v-I v-I a u n
并 与 冷却 愈 慢 应力 愈 小 的 传统 观念 大 相 径庭 .	c p vn d a n d a u n-B n-I a-B a-I a-I w
德国 爱情 小说 两人 在 第 一 章 就 看 对眼 , 最后 一 章 才能 比翼 双飞	ns n-B n-I n p m-B m-I m-I d v-B v-I w m-B m-I m-I v v-B v-I
难道 情愿 让 父母 贫寒 下去 吗	d v v n a v xc
也 找 过 物业 交涉 过 , 还是 解决 不 了 问题 , 之后 , 过 不 久 还是 漏水	d v u n v xc w c v d u n w f w v d a d v
这 也是 目前 这个 世界 发展 的 不 好 方向	r v t n-B n-I v u a-B a-I n
地图 学 由 起草 技术 的 集合 成长 为 实际 的 科学	nz-B nz-I p vn n u vn v v a u n
加强 重点 领域 技术 攻关 , 抓好 科技 成果 转化 .	v n n vn-B vn-I w v n n vn w
电气 自动 化 在 工厂 里 应用 比较 广泛 , 几乎 为 每所 工厂 所 必需	n vn-B vn-I p n f vn d a w d p r n u v
下面 是 我们 几 个 来 回 的 短信	f v r m-B m-I vn-B vn-I u n
但 今天 的 中国 , 充当 了 一 个 反面 的 教材	c t u ns w v u m-B m-I a u n
是 怕 和 他们 平时 报道 的 一 片 歌舞 升 平 的 景象 起 冲突 吗	v v p r t v u m-B m-I an-B an-I an-I u n v vn xc
从前 有 比丘 , 比丘尼 , 式 叉 摩 那 , 沙弥 , 沙弥 尼 , 在 历史 发展 的 过程 中 , 上座部 的 比丘尼 僧 团 消失 了	t v nz w nz w nz-B nz-I nz-I nz-I w nz w nz-B nz-I w p n vn u n f w n u nz n n v-B v-I
报价 相同 , 按 报价 时间 的 先后 排序	n a w p vn n u n v
这些 细节 之 处 是 伪造 不 出来 .	r n u n v v d v w
教学 模式 和 学习 任务 二者 共同 构成 了 教学 问题 的 解决 方案	vn n c vn n r ad v u vn n u n-B n-I
举升 车辆 时 一定 要 注意 安全	v n n v-B v-I v an
我们 了解 了 家乡 人 物质 生活 所 发生 的 巨大 变化	r v u n n n vn u v u a vn
大黄 更 是 耳聪目明 .	nr d-B d-I a w
做 高级 将领 的 , 主意 有 参谋 给 出 , 计划 自有 下级 军官 去 施行 , 自己 凭 什么 还要 去 找 苦 头 吃 呢	v a n u w n v n v-B v-I w vn v n n v v w r d-B d-I v v-B v-I n-B n-I v xc
面对 这些 存在 的 问题 , 一 味 的 抱怨 , 等待 都 解决 不 了 问题	v r v u n w d-B d-I u v w v d v d u n
车队 每 到 夏季 会 派发 冷饮 , 凉茶 还有 绿豆 汤	n r p t v v n w n c n-B n-I
不 可 触及 的 夜空 , 写 满 过往 的 哀伤	v-B v-I v-I u n w v a t u n
环境 问题 已经 越来 越 严重 影响 到 我们 的 日常 生活	n-B n-I d d-B d-I ad v v r u n-B n-I
该 型号 并 未 投产 .	r n d-B d-I v w
男孩 与 女孩 ) 图片	n c n w n
农村 社会 的 诉讼 现象 所 反映 的 司法 诉讼 观念 , 同样 决定 于 社会 存在 中 历史 和 现实 的 法律 现象	n n u vn n u v u n vn n w ad v p vn-B vn-I f n c n u n n
4 . 我们 要 不 断 改进 学习 方法 , 增加 学习 效率	m-B m-I r v d-B d-I v n-B n-I w v n-B n-I
整个 里斯德 帝国 就 只有 她 一 个 圣女 , 难 不 成 还能 扯 到 国外 去	a ns n d v r m-B m-I n w ad v-B v-I v v v s v
协助 驻地 监理 工程 师 对 施工 计划 进行 审查	v n vn n-B n-I p vn n v vn
其中 农业 人口 1342 人 , 劳动 力 685 人 .	f n n m n w n-B n-I m n w
那 就 是 想 拯救 现实 中 深受 苦难 的 百姓 , 只有 通过 正确 的 政治 才 可以 !	r v-B v-I v v n f v n u n w c p a u n d v w
国家 是否 有 颁布 什么 法律 法规 对 这种 情况 进行 说明	n d v v r n n p r n v vn
一 家 韩国 公司 在 本 周 内 将 举行 为 期 48 小时 的 黑客 竞赛 , 并 提供 10 万 美元 奖金	m-B m-I ns n p r-B r-I f d v v-B v-I m-B m-I u nz n w c v m-B m-I m-I n
3 , 负责 全 区 人口 和 计划 生育 基础 信息 库 的 建设 , 维护 , 管理 .	m w v n-B n-I n c n-B n-I n n-B n-I u vn w vn w vn w
被 称赞 的 人 就 去 打听 了 一 下 , 原来 舂 谷 者 却 是 这 人 的 母亲	p v u n d v v u m-B m-I w d n-B n-I n-I v-B v-I r n u n
许多 中国 物理 学 家 一直 是 维护 这种 观念 的 .	m ns n-B n-I n-I d v v r n u w
由此 实现 中国 户籍 制度 的 全面 改革	d v ns n n u a vn
第 五 十 七 条 各级 人民 政府 应当 加强 粮食 仓储 设施 , 物流 运输 , 应急 加工 和 供应 网点 建设	m-B m-I m-I m-I m-I r n-B n-I v v n vn n w n vn w vn vn c vn n vn
一 个 人 想 创业 成功 , 不 仅仅 取决 于 自身 的 努力 , 更 重要 的 是 要 有 一 个 好 的 平台	n-B n-I n-I v vn a w d-B d-I v-B v-I r u an w a-B a-I u v v v m-B m-I a-B a-I n
他 仍然 关心 国家 和 军队 的 建设 与 发展 , 坚决 拥护 党 中央 的 路线 及 政策 .	r d v n c n u vn c vn w ad v nt-B nt-I u n c n w
忽然 , 他 要 王洪文 把 桌子 上 的 一 个 鸡蛋 立 起来	d w r v nr p n f u m-B m-I n v v
你 换 到 另 一 排 , 你 原来 站 的 那 一 排 , 就 开始 动 的 比较 快 了	r v v r m-B m-I w r d v u r m-B m-I w d v v u d a xc
千千 要 将 这 几 个 看 上去 很 奇妙 的 事物 联系 到 一 起 , 然而 , 却 总 像 是 欠缺 一 点 什么	nr v p r m-B m-I d-B d-I d a u n v p s-B s-I w c w d d v v v m-B m-I r
剧目 所 用 曲牌 215 个 .	n v-B v-I n m-B m-I w
那么 一般 外痔 需要 如何 治疗 呢	d ad n v r v xc
玛雅 的 天文 台 也是 充满 特色 的 建筑 物	ns u n-B n-I v v n u n-B n-I
这种 回应 基于 如 下 认识 公平 竞争 将 产生 最 经济 的 资源 配置 , 最 低 的 价格 , 最 高 的 质量 和 最 大 的 物质 进步	r vn v vn-B vn-I n vn-B vn-I d v d n u vn-B vn-I w a-B a-I u n w a-B a-I u n c a-B a-I u n vn
我们 只能 进 不 能 退 了 , 我们 只能 坚持 下去	r v v v-B v-I v xc w r v v v
在 对于 一 个 生词 的 一次 学习 中 , 就 可以 反复 多次 强化 对 这个 单词 的 记忆	p p m-B m-I n u m vn f w d v d m v p r n u n
雨夜 朝 东方 眨 了 眨 眼睛 , 放 出 高 分贝 的 电量	nr p nr v-B v-I v-I n w v-B v-I n-B n-I u n
你 可以 表现 得 更 谦虚 , 时不时 的 来 点 自嘲 , 装 点 小 傻 , 这样 会 让 别人 感觉 更 好	v-B v-I v u d a w n u v q v w v-B v-I a a w r v v r v a-B a-I
解决 好 早餐 问题 后 , 大家 分别 把 各自 的 东西 都 放在 咱们 领队 飞鹰 的 车 上	v-B v-I n n f w r d p r u n d v r n nr u s-B s-I
钉 马掌 是 相当 讲究 的 专业 本事 .	v n v d a u a n w
实验 结果 验证 了 该 方案 的 可行 性 和 有效 性	vn n v u r n u n-B n-I c n-B n-I
平 日 里 这 名 老人 帮 着 男孩 的 妈妈 照 看 他 , 枪击 案 发生 在 老人 家中	t-B t-I t-I r q n v u n u n v-B v-I r w n-B n-I v p n s
景点 小吃 他 都 懂 都 可以 拿到 最 实惠 的 价格	n n r d v d v v a-B a-I u n
这次 洽谈 会 有 20 多 个 国家 的 客 商 参加 , 成交 项目 金额 4000 多万 美元 .	r n-B n-I v m-B m-I m-I n u n-B n-I v w vn n n m-B m-I m-I w
符合 未来 人 居 标准 固然 重要 , 市场 表现 也 不 可 或 缺	v t n-B n-I n d a w n vn d a-B a-I a-I a-I
这 一 点 来 说 , 不管 是 男 设计 师 还是 女 设计 师 , 主要 还是 看 作品 的 思想 表达	r-B r-I r-I v-B v-I w c v a n-B n-I c a n-B n-I w ad d v n u n vn
那 分明 是 阿爸 , 人 却 只 剩 了 上 半 个	r d v n w n d d v u f m-B m-I
2005 年 至今 , 任 广东 钜豪 照明 有限 公司 营销 副总 经理	t-B t-I d w v nt-B nt-I nt-I nt-I nt-I vn n-B n-I
这 对 我 和 弓 都 是 很好 的 锻炼 .	r p r c nr v-B v-I a u vn w
当 接近 地面 时 , 太空 船 会 像 飞机 一 样 缓缓 滑行 到 跑道 上 .	p v n n w n-B n-I v v n a-B a-I d v v n f w
巴菲特 在 会 上 轻松 化解 提问 , 对 美国 的 经济 前景 也 信心 十足	nr p n f ad v vn w p ns u n n d n a
还有 , 美国 总统 选举 很 不 公平	v w n-B n-I vn d a-B a-I
境内 单位 或者 个人 在 境外 接受 应 税 服务	s n c n p s v nz-B nz-I nz-I
每个 帝国 战争 都 是 一 场 内战 , 一 个 警察 行动 .	r nz-B nz-I v-B v-I m-B m-I n w m-B m-I n vn w
此 建议 旨在 使 俄罗斯 为 加强 世界 粮食 安全 作出 更 大 贡献	r n v v ns p v n n an v a-B a-I n
一些 人 争先 恐 后 的 答应 着 冲 了 出来	n-B n-I v-B v-I v-I u v u v u v
对 部分 病人 可能 剂量 过 大 , 产生 了 毒 副 作用 , 反而 削弱 或 抵销 了 治疗 的 积极 作用	p n n v n a-B a-I w v u n n-B n-I w d v c v u vn u a n
朱元璋 在 世 时 即 首开 恶 例	nr v-B v-I n d v a n
头痛 也 可以 是 痛觉 传导 纤维 或 痛觉 各级 中枢 或 调节 痛觉 的 镇痛 结构 发生 病变 所致	an d v v n vn n c n r n c v n u vn n v vn v
不过 这个 价钱 也 算 很 值 了	c r n d v d a xc
第 5 , 6 自然 段 , 谈 对 这 两 样 伟大 事物 的 研究 探索 的 方式	m-B m-I w m n-B n-I w v p m-B m-I m-I a n u vn vn u n
接 下来 的 日子 里 朝廷 上 风云 变幻 , 爷 倒 是 喜事 颇多	v-B v-I u n f n f v-B v-I w n d-B d-I n a
建立 工作 责任 制度 , 保证 每 项 工作 都 有 具体 人 负责 , 避免 有 的 工作 无 人 过 问	v n n n w v r q n d v a n v w v v u n v-B v-I v-B v-I
秀 米 于 出嫁 途中 遭遇 土匪 绑票 , 被 劫 至 偏 野 小 村 花 家 舍 的 一 处 湖 心 小岛 上	nr-B nr-I p vn s v n vn w v-B v-I p a a n-B n-I n n-B n-I u m-B m-I n-B n-I n f
科学 研究 表明 , 这 是 人体 的 信息 传递 在 起 作用	a vn v w r v n u n vn d v-B v-I
可见 , 该 项目 的 经济 效益 , 社会 效益 , 生态 效益 尤 为 显著	v w r n u n-B n-I w n-B n-I w n n d-B d-I a
中国 国内 出具 的 公证 书 , 商业 证明 等 , 如何 办理 领事 认证	ns s v u n-B n-I w n n u w r v n vn
无 需 投入 太多 的 启动 费用 既 可 拥有 合作 机会	v-B v-I v a u vn n c v v vn n
也 不 知道 是 怎么 回事 , 今年 的 女生 怎么 比 男生 还要 壮实	d d v v n-B n-I w t u n r p n v a
1933 年 生 , 江苏 常熟 人 .	t-B t-I v w ns ns n w
北部 的 外敌 重创 , 虽然 不 敢 说 突厥 人 已经 彻底 降服 , 但是 , 他们 想要 南下 趁 火 打劫 , 那 是 不 可能 的 了	f u n v w c v-B v-I v n-B n-I d ad v w c w r v v v-B v-I v-I w r v d v u xc
就 一 张 脸 , 老 了 就 变 不 回来 了	d n-B n-I n-I w a u d v d v xc
能够 根据 材料 的 特性 , 用途 , 来源 或 其他 标准 对 纺织 材料 进行 分类	v p n u n w n w n c r n p n-B n-I v vn
搅拌 台 上 操作 人员 应 戴 口罩 , 搬运 水泥 工人 应 戴 口罩 和 手套	vn s-B s-I vn n v v-B v-I w v n n v v-B v-I c n
